{
  "sem_n": 1086,
  "sur_n": 2556,
  "chi2": 7.4052066361631566,
  "sc_sem_pct": 1.0128913443830572,
  "sc_sur_pct": 2.0735524256651017,
  "sc_z": -2.2285982575053587,
  "div_paired_mean": -0.06631413114217728,
  "div_paired_t": -1.5280139109134294,
  "n_cells": 33
}