{
  "totals": {
    "sem": 1228,
    "sur": 2886
  },
  "per_pattern": {
    "consistent": {
      "n_sem": 179,
      "n_sur": 482,
      "p_sem": 0.1457654723127036,
      "p_sur": 0.167013167013167,
      "diff_pp": -2.124769470046342,
      "z": -1.6982135003059737,
      "p": 0.08946747343176742
    },
    "self_correct": {
      "n_sem": 16,
      "n_sur": 64,
      "p_sem": 0.013029315960912053,
      "p_sur": 0.022176022176022176,
      "diff_pp": -0.9146706215110123,
      "z": -1.9441567617363609,
      "p": 0.05187655009018555
    },
    "late_diverge": {
      "n_sem": 53,
      "n_sur": 130,
      "p_sem": 0.04315960912052117,
      "p_sur": 0.04504504504504504,
      "diff_pp": -0.1885435924523872,
      "z": -0.2684195855285791,
      "p": 0.7883763654170324
    },
    "early_diverge": {
      "n_sem": 791,
      "n_sur": 1791,
      "p_sem": 0.6441368078175895,
      "p_sur": 0.6205821205821206,
      "diff_pp": 2.355468723546894,
      "z": 1.4300437715835868,
      "p": 0.15270445662379117
    },
    "cascade": {
      "n_sem": 189,
      "n_sur": 419,
      "p_sem": 0.15390879478827363,
      "p_sur": 0.14518364518364518,
      "diff_pp": 0.8725149604628446,
      "z": 0.7215968475230852,
      "p": 0.4705423779115442
    }
  },
  "chi2": 7.400944411258631,
  "df": 4,
  "p": 0.11615738587515563,
  "cascade_depth_paired_t": {
    "n": 36,
    "mean": 0.11358692767665704,
    "sd": 0.49826784984714134,
    "t": 1.36778153812055,
    "p": 0.17138046822703623
  },
  "divergence_step_paired_t": {
    "n": 36,
    "mean": -0.03756477917426425,
    "sd": 0.2209450281049454,
    "t": -1.0201120024231976,
    "p": 0.30767534507318384
  }
}