{
  "old_n_AB": [
    12,
    16
  ],
  "new_n_AB": [
    4,
    2
  ],
  "merged_n_AB": [
    16,
    18
  ],
  "old_meanDelta_AB_pp": [
    13.00696988196988,
    -1.5942828218243772
  ],
  "merged_meanDelta_AB_pp": [
    10.024725274725274,
    -1.3754736193994468
  ],
  "merged_positive_AB": [
    "13/16",
    "5/18"
  ],
  "merged_welch": {
    "t": 3.8073606456795375,
    "df": 22.1431195164092,
    "p": 0.0009550852850070769,
    "method": "scipy welch",
    "mean_x": 0.10024725274725274,
    "mean_y": -0.013754736193994468
  },
  "merged_mwu": {
    "U": 237.0,
    "p": 0.0014151004216161136,
    "method": "scipy"
  },
  "old_welch": {
    "t": 4.225332740448013,
    "df": 16.02944628908035,
    "p": 0.0006411079889010793,
    "method": "scipy welch",
    "mean_x": 0.1300696988196988,
    "mean_y": -0.015942828218243773
  },
  "pearson_capable_42": {
    "r": 0.12789091423621363,
    "p": 0.6018312177407262,
    "n": 19
  },
  "pearson_all_42": {
    "r": 0.31728830264809593,
    "p": 0.04061411536241265,
    "n": 42
  },
  "fisher_2x2": {
    "table": [
      [
        16,
        3
      ],
      [
        9,
        14
      ]
    ],
    "result": {
      "odds_ratio": 8.296296296296296,
      "p": 0.00448559343266199
    }
  }
}