{
  "n_trajectories": 1800,
  "M1_divergence_step": {
    "interpretation": "sem - sur ; negative => sem diverges EARLIER",
    "n_paired": 1785,
    "mean_diff_steps": 0.15555555555555461,
    "paired_t": {
      "n": 1785,
      "mean": 0.15555555555555461,
      "sd": 0.8883998405550418,
      "t": 7.39769061780194,
      "p": 2.122330842341768e-13,
      "cohens_d": 0.17509633439192068,
      "method": "scipy"
    },
    "wilcoxon": {
      "n_nonzero": 1307,
      "W": 333435.5,
      "p": 5.4110945122254175e-12
    },
    "ci95": [
      0.11269841269841242,
      0.19757236227824493
    ],
    "by_cell": {
      "gsm8k/cot": {
        "n": 200,
        "mean_diff": 0.5425,
        "paired_t": {
          "n": 200,
          "mean": 0.5425,
          "sd": 1.4114469313359492,
          "t": 5.435633749695647,
          "p": 1.5873802849858048e-07,
          "cohens_d": 0.3843573484456253,
          "method": "scipy"
        }
      },
      "gsm8k/direct": {
        "n": 200,
        "mean_diff": 0.05999999999999999,
        "paired_t": {
          "n": 200,
          "mean": 0.05999999999999999,
          "sd": 0.37062730711819664,
          "t": 2.2894377212018355,
          "p": 0.023103185219924036,
          "cohens_d": 0.16188769377660941,
          "method": "scipy"
        }
      },
      "gsm8k/react": {
        "n": 200,
        "mean_diff": 0.008333333333333358,
        "paired_t": {
          "n": 200,
          "mean": 0.008333333333333358,
          "sd": 0.42393163908528014,
          "t": 0.2779955996019697,
          "p": 0.7813043535417149,
          "cohens_d": 0.019657257361857305,
          "method": "scipy"
        }
      },
      "hotpotqa/cot": {
        "n": 195,
        "mean_diff": 0.365811965811966,
        "paired_t": {
          "n": 195,
          "mean": 0.365811965811966,
          "sd": 1.365620402031566,
          "t": 3.7406339960079285,
          "p": 0.00024161015574320616,
          "cohens_d": 0.2678723642878838,
          "method": "scipy"
        }
      },
      "hotpotqa/direct": {
        "n": 195,
        "mean_diff": -0.11709401709401693,
        "paired_t": {
          "n": 195,
          "mean": -0.11709401709401693,
          "sd": 0.23040277931115907,
          "t": -7.096828290347112,
          "p": 2.340284807618373e-11,
          "cohens_d": -0.5082144297221406,
          "method": "scipy"
        }
      },
      "hotpotqa/react": {
        "n": 195,
        "mean_diff": 0.031623931623931664,
        "paired_t": {
          "n": 195,
          "mean": 0.031623931623931664,
          "sd": 0.5254109130985188,
          "t": 0.8404929576358325,
          "p": 0.40166673840920253,
          "cohens_d": 0.06018895084884147,
          "method": "scipy"
        }
      },
      "math/cot": {
        "n": 200,
        "mean_diff": 0.45166666666666666,
        "paired_t": {
          "n": 200,
          "mean": 0.45166666666666666,
          "sd": 1.3854542680128001,
          "t": 4.610423746343005,
          "p": 7.177237810638828e-06,
          "cohens_d": 0.32600618951826255,
          "method": "scipy"
        }
      },
      "math/direct": {
        "n": 200,
        "mean_diff": -0.18249999999999997,
        "paired_t": {
          "n": 200,
          "mean": -0.18249999999999997,
          "sd": 0.2077487611002615,
          "t": -12.423370121015125,
          "p": 1.317539580708952e-26,
          "cohens_d": -0.8784649257760134,
          "method": "scipy"
        }
      },
      "math/react": {
        "n": 200,
        "mean_diff": 0.2350000000000001,
        "paired_t": {
          "n": 200,
          "mean": 0.2350000000000001,
          "sd": 0.37777079837215566,
          "t": 8.797402779403747,
          "p": 6.710054457329549e-16,
          "cohens_d": 0.6220703162145771,
          "method": "scipy"
        }
      }
    }
  },
  "M2_self_correct_rate": {
    "interpretation": "Lower sem rate => sem less likely to recover",
    "sem_table": [
      [
        83,
        3376
      ],
      [
        108,
        5292
      ]
    ],
    "sem_rate": 0.023995374385660597,
    "sur_rate": 0.02,
    "diff_pp": 0.39953743856605967,
    "fisher": {
      "odds_ratio": 1.2046800947867298,
      "p": 0.2301835963255123
    },
    "by_cell": {
      "gsm8k/cot": {
        "sem_rate": 0.055,
        "sur_rate": 0.03,
        "diff_pp": 2.5,
        "fisher": {
          "odds_ratio": 1.8818342151675485,
          "p": 0.0686433643168986
        },
        "table": [
          22,
          378,
          18,
          582
        ]
      },
      "gsm8k/direct": {
        "sem_rate": 0.0,
        "sur_rate": 0.0,
        "diff_pp": 0.0,
        "fisher": {
          "odds_ratio": NaN,
          "p": 1.0
        },
        "table": [
          0,
          400,
          0,
          600
        ]
      },
      "gsm8k/react": {
        "sem_rate": 0.0,
        "sur_rate": 0.0,
        "diff_pp": 0.0,
        "fisher": {
          "odds_ratio": NaN,
          "p": 1.0
        },
        "table": [
          0,
          400,
          0,
          600
        ]
      },
      "hotpotqa/cot": {
        "sem_rate": 0.08401084010840108,
        "sur_rate": 0.095,
        "diff_pp": -1.0989159891598919,
        "fisher": {
          "odds_ratio": 0.8737153534724384,
          "p": 0.6453957453931406
        },
        "table": [
          31,
          338,
          57,
          543
        ]
      },
      "hotpotqa/direct": {
        "sem_rate": 0.0,
        "sur_rate": 0.0,
        "diff_pp": 0.0,
        "fisher": {
          "odds_ratio": NaN,
          "p": 1.0
        },
        "table": [
          0,
          369,
          0,
          600
        ]
      },
      "hotpotqa/react": {
        "sem_rate": 0.0,
        "sur_rate": 0.0,
        "diff_pp": 0.0,
        "fisher": {
          "odds_ratio": NaN,
          "p": 1.0
        },
        "table": [
          0,
          369,
          0,
          600
        ]
      },
      "math/cot": {
        "sem_rate": 0.078125,
        "sur_rate": 0.055,
        "diff_pp": 2.3125,
        "fisher": {
          "odds_ratio": 1.4560862865947612,
          "p": 0.18145008648384198
        },
        "table": [
          30,
          354,
          33,
          567
        ]
      },
      "math/direct": {
        "sem_rate": 0.0,
        "sur_rate": 0.0,
        "diff_pp": 0.0,
        "fisher": {
          "odds_ratio": NaN,
          "p": 1.0
        },
        "table": [
          0,
          384,
          0,
          600
        ]
      },
      "math/react": {
        "sem_rate": 0.0,
        "sur_rate": 0.0,
        "diff_pp": 0.0,
        "fisher": {
          "odds_ratio": NaN,
          "p": 1.0
        },
        "table": [
          0,
          384,
          0,
          600
        ]
      }
    }
  },
  "M3_cascade_depth": {
    "interpretation": "sem - sur ; positive => sem cascades deeper",
    "n_paired": 1785,
    "mean_diff_depth": 0.1673202614379087,
    "paired_t": {
      "n": 1785,
      "mean": 0.1673202614379087,
      "sd": 0.9196426463518144,
      "t": 7.68685240416111,
      "p": 2.4735732414449384e-14,
      "cohens_d": 0.18194052015928305,
      "method": "scipy"
    },
    "wilcoxon": {
      "n_nonzero": 943,
      "W": 148415.0,
      "p": 7.490090134466636e-19
    },
    "ci95": [
      0.1250233426704012,
      0.21269841269841286
    ]
  },
  "M4_thought_similarity_per_step": {
    "interpretation": "sem - sur thought_similarity at step k ; negative => sem trace diverges more from orig at step k",
    "per_step": {
      "1": {
        "n": 1785,
        "mean_sem_minus_sur": -0.010168658093892734,
        "paired_t": {
          "n": 1785,
          "mean": -0.010168658093892734,
          "sd": 0.2748982555146364,
          "t": -1.562826517032747,
          "p": 0.1182707651827945,
          "cohens_d": -0.03699062431246067,
          "method": "scipy"
        },